Date,Close,Close_Scaled
2020-05-04,425.871,0.03587163904621837
2020-05-05,429.392,0.041144633705832434
2020-05-06,427.543,0.038375600156946854
2020-05-07,439.919,0.056909704646405324
2020-05-08,441.138,0.05873526002557872
2020-05-09,441.138,0.05873526002557872
2020-05-10,441.138,0.05873526002557872
2020-05-11,436.147,0.0512608163033027
2020-05-12,401.918,0.0
2020-05-13,429.67,0.041560962168022964
2020-05-14,440.648,0.058001443671358066
2020-05-15,454.382,0.0785692677710852
2020-05-16,454.382,0.0785692677710852
2020-05-17,454.382,0.0785692677710852
2020-05-18,456.766,0.08213950897202815
2020-05-19,443.29,0.06195806164656403
2020-05-20,449.964,0.0719529399079285
2020-05-21,449.751,0.07163395443150189
2020-05-22,454.003,0.07800168328486146
2020-05-23,454.003,0.07800168328486146
2020-05-24,454.003,0.07800168328486146
2020-05-25,454.003,0.07800168328486146
2020-05-26,463.123,0.09165965297974366
2020-05-27,474.414,0.10856887839914209
2020-05-28,474.802,0.10914994114493326
2020-05-29,467.558,0.09830143977763861
2020-05-30,467.558,0.09830143977763861
2020-05-31,467.558,0.09830143977763861
2020-06-01,476.042,0.11100694579643022
2020-06-02,478.785,0.11511481979566962
2020-06-03,484.432,0.12357167888196341
2020-06-04,486.318,0.12639612305351466
2020-06-05,495.502,0.1401499381497644
2020-06-06,495.502,0.1401499381497644
2020-06-07,495.502,0.1401499381497644
2020-06-08,496.214,0.14121621823997887
2020-06-09,496.881,0.14221510703235674
2020-06-10,496.881,0.14221510703235674
2020-06-11,467.623,0.09839878276340253
2020-06-12,469.249,0.10083385499189801
2020-06-13,469.249,0.10083385499189801
2020-06-14,469.249,0.10083385499189801
2020-06-15,483.501,0.12217742780894414
2020-06-16,490.06,0.13200008386472617
2020-06-17,494.366,0.13844868227548957
2020-06-18,495.727,0.14048689463894726
2020-06-19,494.485,0.13862689481865753
2020-06-20,494.485,0.13862689481865753
2020-06-21,494.485,0.13862689481865753
2020-06-22,492.565,0.13575153277762964
2020-06-23,493.829,0.13764447945463965
2020-06-24,479.507,0.11619607572984769
2020-06-25,486.993,0.12740699252106347
2020-06-26,476.216,0.11126752548139851
2020-06-27,476.216,0.11126752548139851
2020-06-28,476.216,0.11126752548139851
2020-06-29,474.443,0.10861230834663682
2020-06-30,484.442,0.123586654725927
2020-07-01,484.654,0.12390414261795724
2020-07-02,491.28,0.13382713682829583
2020-07-03,491.28,0.13382713682829583
2020-07-04,491.28,0.13382713682829583
2020-07-05,491.28,0.13382713682829583
2020-07-06,496.418,0.14152172545683805
2020-07-07,489.015,0.13043510817052084
2020-07-08,496.473,0.14160409259863838
2020-07-09,489.191,0.13069868302428178
2020-07-10,493.322,0.13688520416568073
2020-07-11,493.322,0.13688520416568073
2020-07-12,493.322,0.13688520416568073
2020-07-13,491.964,0.13485148455541207
2020-07-14,499.784,0.14656259453501497
2020-07-15,506.251,0.156247472826331
2020-07-16,504.801,0.15407597545159646
2020-07-17,523.284,0.18175582784967836
2020-07-18,523.284,0.18175582784967836
2020-07-19,523.284,0.18175582784967836
2020-07-20,516.065,0.17094476609229314
2020-07-21,516.415,0.17146892063102204
2020-07-22,518.653,0.17482051451009517
2020-07-23,514.753,0.16897993536425748
2020-07-24,508.052,0.15894462232419104
2020-07-25,508.052,0.15894462232419104
2020-07-26,508.052,0.15894462232419104
2020-07-27,512.26,0.16524645746411037
2020-07-28,508.126,0.15905544356952228
2020-07-29,514.271,0.16825809968520766
2020-07-30,510.252,0.16223930799620212
2020-07-31,511.972,0.16481515315795614
2020-08-01,511.972,0.16481515315795614
2020-08-02,511.972,0.16481515315795614
2020-08-03,516.371,0.1714030269175819
2020-08-04,508.432,0.15951370439481116
2020-08-05,518.329,0.17433529716567164
2020-08-06,518.394,0.17443264015143567
2020-08-07,523.715,0.1824012867245134
2020-08-08,523.715,0.1824012867245134
2020-08-09,523.715,0.1824012867245134
2020-08-10,516.591,0.17173249548478298
2020-08-11,522.33,0.18032713233554276
2020-08-12,525.528,0.18511640723512968
2020-08-13,524.918,0.1842028807533448
2020-08-14,523.937,0.18273375046050722
2020-08-15,523.937,0.18273375046050722
2020-08-16,523.937,0.18273375046050722
2020-08-17,527.118,0.18749756642535598
2020-08-18,524.604,0.18373263925288508
2020-08-19,525.094,0.18446645560710573
2020-08-20,519.403,0.1759437028073717
2020-08-21,520.011,0.17685423412036372
2020-08-22,520.011,0.17685423412036372
2020-08-23,520.011,0.17685423412036372
2020-08-24,526.61,0.18673679355200057
2020-08-25,526.351,0.18634891919334107
2020-08-26,527.173,0.18757993356715608
2020-08-27,529.75,0.19143920855659813
2020-08-28,535.148,0.19952316912819623
2020-08-29,535.148,0.19952316912819623
2020-08-30,535.148,0.19952316912819623
2020-08-31,529.039,0.19037442605078003
2020-09-01,530.869,0.1931150054961347
2020-09-02,541.349,0.20880968997007832
2020-09-03,518.708,0.17490288165189538
2020-09-04,505.752,0.15550017821254314
2020-09-05,505.752,0.15550017821254314
2020-09-06,505.752,0.15550017821254314
2020-09-07,505.752,0.15550017821254314
2020-09-08,494.912,0.1392663633559068
2020-09-09,501.749,0.14950534787387937
2020-09-10,486.641,0.1268798428135417
2020-09-11,484.764,0.12406887690155777
2020-09-12,484.764,0.12406887690155777
2020-09-13,484.764,0.12406887690155777
2020-09-14,490.292,0.1323475234446836
2020-09-15,490.993,0.1333973301065381
2020-09-16,503.137,0.15158399501603903
2020-09-17,491.215,0.13372979384253192
2020-09-18,498.849,0.14516235312441028
2020-09-19,498.849,0.14516235312441028
2020-09-20,498.849,0.14516235312441028
2020-09-21,494.959,0.1393367498225362
2020-09-22,493.341,0.13691365826921176
2020-09-23,482.381,0.12050013328501119
2020-09-24,479.257,0.11582167963075551
2020-09-25,490.67,0.13291361034651106
2020-09-26,490.67,0.13291361034651106
2020-09-27,490.67,0.13291361034651106
2020-09-28,500.392,0.1474731258480071
2020-09-29,496.946,0.14231245001812076
2020-09-30,504.772,0.15403254550410184
2020-10-01,508.67,0.15987012948114687
2020-10-02,510.658,0.16284732726112783
2020-10-03,510.658,0.16284732726112783
2020-10-04,510.658,0.16284732726112783
2020-10-05,520.398,0.1774337992817585
2020-10-06,519.714,0.17640945155464238
2020-10-07,530.307,0.19227336306537557
2020-10-08,541.404,0.20889205711187853
2020-10-09,547.78,0.21844065522312506
2020-10-10,547.78,0.21844065522312506
2020-10-11,547.78,0.21844065522312506
2020-10-12,550.758,0.22290046155551102
2020-10-13,572.325,0.2551988642319938
2020-10-14,573.111,0.2563759655675395
2020-10-15,578.841,0.26495712415873196
2020-10-16,588.823,0.27990601160328377
2020-10-17,588.823,0.27990601160328377
2020-10-18,588.823,0.27990601160328377
2020-10-19,568.668,0.2497221980944736
2020-10-20,577.796,0.26339214846452674
2020-10-21,568.758,0.24985698069014683
2020-10-22,568.934,0.25012055554390755
2020-10-23,570.849,0.25298842966295365
2020-10-24,570.849,0.25298842966295365
2020-10-25,570.849,0.25298842966295365
2020-10-26,557.311,0.23271413210491476
2020-10-27,550.423,0.2223987707827274
2020-10-28,538.051,0.20387065663085446
2020-10-29,539.511,0.2060571298495526
2020-10-30,536.71,0.20186239595532407
2020-10-31,536.71,0.20186239595532407
2020-11-01,536.71,0.20186239595532407
2020-11-02,550.739,0.22287200745198
2020-11-03,563.628,0.24217437273677556
2020-11-04,583.636,0.2721380413393196
2020-11-05,598.496,0.2943921454693579
2020-11-06,586.593,0.2765663983993817
2020-11-07,586.593,0.2765663983993817
2020-11-08,586.593,0.2765663983993817
2020-11-09,596.547,0.29147335348083536
2020-11-10,591.704,0.2842205522492218
2020-11-11,600.667,0.2976434011938742
2020-11-12,590.983,0.28314079389944
2020-11-13,599.938,0.2965516621689215
2020-11-14,599.938,0.2965516621689215
2020-11-15,599.938,0.2965516621689215
2020-11-16,605.89,0.30546528449610766
2020-11-17,597.886,0.293478618987573
2020-11-18,600.029,0.296687942348991
2020-11-19,603.237,0.3014921930925416
2020-11-20,602.544,0.30045436710585816
2020-11-21,602.544,0.30045436710585816
2020-11-22,602.544,0.30045436710585816
2020-11-23,611.658,0.3141033512943622
2020-11-24,626.369,0.33613431534934146
2020-11-25,630.223,0.34190600561294615
2020-11-26,630.223,0.34190600561294615
2020-11-27,640.526,0.35733561764873245
2020-11-28,640.526,0.35733561764873245
2020-11-29,640.526,0.35733561764873245
2020-11-30,625.518,0.3348598710280317
2020-12-01,640.635,0.3574988543479367
2020-12-02,643.437,0.36169508582656174
2020-12-03,644.055,0.36262059298351745
2020-12-04,633.316,0.34653803415091455
2020-12-05,633.316,0.34653803415091455
2020-12-06,633.316,0.34653803415091455
2020-12-07,638.724,0.35463697056647625
2020-12-08,642.715,0.36061382989238355
2020-12-09,631.692,0.34410595709121183
2020-12-10,628.752,0.3397030589658879
2020-12-11,625.86,0.3353720448915898
2020-12-12,625.86,0.3353720448915898
2020-12-13,625.86,0.3353720448915898
2020-12-14,615.702,0.32015958259327704
2020-12-15,628.539,0.3393840734894614
2020-12-16,628.716,0.33964914592761875
2020-12-17,635.59,0.34994354106825687
2020-12-18,629.113,0.34024368693297713
2020-12-19,629.113,0.34024368693297713
2020-12-20,629.113,0.34024368693297713
2020-12-21,629.141,0.34028561929607526
2020-12-22,624.342,0.3330987117779022
2020-12-23,633.464,0.34675967664157714
2020-12-24,636.644,0.3515219950220294
2020-12-25,636.644,0.3515219950220294
2020-12-26,636.644,0.3515219950220294
2020-12-27,636.644,0.3515219950220294
2020-12-28,639.343,0.35556397530782835
2020-12-29,635.83,0.35030296132338534
2020-12-30,638.225,0.3538896759526883
2020-12-31,649.572,0.3708827660982834
2021-01-01,649.572,0.3708827660982834
2021-01-02,649.572,0.3708827660982834
2021-01-03,649.572,0.3708827660982834
2021-01-04,639.917,0.35642358875134406
2021-01-05,643.297,0.3614854240110701
2021-01-06,661.65,0.38897059043762405
2021-01-07,675.566,0.4098109748974903
2021-01-08,681.003,0.41795334126054673
2021-01-09,681.003,0.41795334126054673
2021-01-10,681.003,0.41795334126054673
2021-01-11,690.207,0.43173710804472387
2021-01-12,700.158,0.4466395703729884
2021-01-13,701.97,0.4493531932992083
2021-01-14,669.339,0.4004855168613026
2021-01-15,655.172,0.37926923871794793
2021-01-16,655.172,0.37926923871794793
2021-01-17,655.172,0.37926923871794793
2021-01-18,655.172,0.37926923871794793
2021-01-19,660.478,0.38721542152507993
2021-01-20,667.575,0.39784377798610837
2021-01-21,668.175,0.39874232862392955
2021-01-22,661.734,0.3890963875269191
2021-01-23,661.734,0.3890963875269191
2021-01-24,661.734,0.3890963875269191
2021-01-25,650.866,0.3728206403071844
2021-01-26,649.858,0.37131107523564477
2021-01-27,628.18,0.338846440691165
2021-01-28,648.103,0.36868281462001773
2021-01-29,631.322,0.3435518508645554
2021-01-30,631.322,0.3435518508645554
2021-01-31,631.322,0.3435518508645554
2021-02-01,642.023,0.3595775014900965
2021-02-02,656.734,0.38160846554507577
2021-02-03,651.854,0.3743002536907968
2021-02-04,659.395,0.38559353762381265
2021-02-05,653.879,0.3773328620934432
2021-02-06,653.879,0.3773328620934432
2021-02-07,653.879,0.3773328620934432
2021-02-08,653.989,0.37749759637704383
2021-02-09,656.105,0.38066648495975985
2021-02-10,651.033,0.37307073690137804
2021-02-11,649.47,0.3707300124898538
2021-02-12,650.866,0.3728206403071844
2021-02-13,650.866,0.3728206403071844
2021-02-14,650.866,0.3728206403071844
2021-02-15,650.866,0.3728206403071844
2021-02-16,657.465,0.3827031997388213
2021-02-17,649.434,0.37067609945158453
2021-02-18,633.374,0.3466248940459039
2021-02-19,639.276,0.35546363715327167
2021-02-20,639.276,0.35546363715327167
2021-02-21,639.276,0.35546363715327167
2021-02-22,633.012,0.3460827684944183
2021-02-23,633.03,0.3461097250135531
2021-02-24,641.08,0.35816527940432086
2021-02-25,625.492,0.33482093383372613
2021-02-26,625.222,0.33441658604670654
2021-02-27,625.222,0.33441658604670654
2021-02-28,625.222,0.33441658604670654
2021-03-01,647.465,0.3677273557751347
2021-03-02,644.86,0.3638261484225943
2021-03-03,631.515,0.3438408846530545
2021-03-04,618.706,0.3246583261199685
2021-03-05,635.969,0.3505111255544806
2021-03-06,635.969,0.3505111255544806
2021-03-07,635.969,0.3505111255544806
2021-03-08,632.976,0.34602885545614914
2021-03-09,653.834,0.3772654707956066
2021-03-10,659.729,0.3860937308121999
2021-03-11,653.944,0.3774302050792071
2021-03-12,648.575,0.36938967445510396
2021-03-13,648.575,0.36938967445510396
2021-03-14,648.575,0.36938967445510396
2021-03-15,651.125,0.3732085146658439
2021-03-16,654.795,0.37870464940051685
2021-03-17,659.472,0.38570885162233304
2021-03-18,655.404,0.37961667829790546
2021-03-19,660.745,0.38761527655891037
2021-03-20,660.745,0.38761527655891037
2021-03-21,660.745,0.38761527655891037
2021-03-22,661.909,0.38935846479628355
2021-03-23,648.917,0.369901848318662
2021-03-24,654.506,0.37827184750996634
2021-03-25,658.806,0.38471146041435167
2021-03-26,685.445,0.42460561114921624
2021-03-27,685.445,0.42460561114921624
2021-03-28,685.445,0.42460561114921624
2021-03-29,686.297,0.4258815530549225
2021-03-30,678.516,0.4142288488667778
2021-03-31,682.776,0.4206085583953083
2021-04-01,694.429,0.4380599093661923
2021-04-02,694.429,0.4380599093661923
2021-04-03,694.429,0.4380599093661923
2021-04-04,694.429,0.4380599093661923
2021-04-05,709.992,0.4613668153268775
2021-04-06,707.903,0.45823836152286357
2021-04-07,713.595,0.4667626119069941
2021-04-08,725.017,0.48386802088231673
2021-04-09,732.031,0.4943720778384464
2021-04-10,732.031,0.4943720778384464
2021-04-11,732.031,0.4943720778384464
2021-04-12,731.7,0.49387637740324863
2021-04-13,726.728,0.48643038778450354
2021-04-14,725.443,0.48450599183516974
2021-04-15,740.616,0.5072288398812714
2021-04-16,734.832,0.49856681173267514
2021-04-17,734.832,0.49856681173267514
2021-04-18,734.832,0.49856681173267514
2021-04-19,734.518,0.4980965702322153
2021-04-20,728.963,0.4897774889103874
2021-04-21,734.907,0.49867913056240276
2021-04-22,720.229,0.4766975867925036
2021-04-23,736.394,0.500906038559803
2021-04-24,736.394,0.500906038559803
2021-04-25,736.394,0.500906038559803
2021-04-26,741.06,0.5078937673532591
2021-04-27,743.047,0.5108694675488437
2021-04-28,739.213,0.5051277289731662
2021-04-29,749.212,0.5201020753524563
2021-04-30,741.948,0.5092236222972344
2021-05-01,741.948,0.5092236222972344
2021-05-02,741.948,0.5092236222972344
2021-05-03,747.669,0.5177913026288596
2021-05-04,757.454,0.5324451659473268
2021-05-05,770.671,0.5522387389141314
2021-05-06,785.225,0.5740345822188808
2021-05-07,791.322,0.5831653542835407
2021-05-08,791.322,0.5831653542835407
2021-05-09,791.322,0.5831653542835407
2021-05-10,776.49,0.5609531825166008
2021-05-11,764.404,0.542853377502089
2021-05-12,745.754,0.5149234285098137
2021-05-13,759.784,0.5359345375908657
2021-05-14,775.962,0.5601624579553179
2021-05-15,775.962,0.5601624579553179
2021-05-16,775.962,0.5601624579553179
2021-05-17,769.273,0.5501451159280082
2021-05-18,760.828,0.5374980157006748
2021-05-19,759.35,0.5352845859628419
2021-05-20,765.123,0.5439301406830781
2021-05-21,779.493,0.5654504284588957
2021-05-22,779.493,0.5654504284588957
2021-05-23,779.493,0.5654504284588957
2021-05-24,790.002,0.5811885428803338
2021-05-25,791.72,0.5837613928732954
2021-05-26,793.958,0.5871129867523683
2021-05-27,793.679,0.5866951607057815
2021-05-28,794.242,0.5875383007209369
2021-05-29,794.242,0.5875383007209369
2021-05-30,794.242,0.5875383007209369
2021-05-31,794.242,0.5875383007209369
2021-06-01,794.124,0.5873615857621657
2021-06-02,803.633,0.6016021157872351
2021-06-03,801.553,0.5984871402427883
2021-06-04,806.884,0.6064707626598296
2021-06-05,806.884,0.6064707626598296
2021-06-06,806.884,0.6064707626598296
2021-06-07,805.157,0.6038844344073011
2021-06-08,804.76,0.6032898934019426
2021-06-09,792.404,0.5847857406004116
2021-06-10,789.208,0.5799994608696173
2021-06-11,801.24,0.5980183963267249
2021-06-12,801.24,0.5980183963267249
2021-06-13,801.24,0.5980183963267249
2021-06-14,797.709,0.5927304258231472
2021-06-15,801.553,0.5984871402427883
2021-06-16,790.954,0.5826142432256769
2021-06-17,790.472,0.5818924075466272
2021-06-18,764.967,0.5436965175172446
2021-06-19,764.967,0.5436965175172446
2021-06-20,764.967,0.5436965175172446
2021-06-21,783.589,0.5715845341464219
2021-06-22,786.776,0.5763573356176486
2021-06-23,787.377,0.5772573838398662
2021-06-24,789.123,0.5798721661959259
2021-06-25,795.204,0.5889789769102436
2021-06-26,795.204,0.5889789769102436
2021-06-27,795.204,0.5889789769102436
2021-06-28,799.492,0.5954006188018723
2021-06-29,794.76,0.5883140494382559
2021-06-30,796.062,0.5902639043223281
2021-07-01,799.946,0.5960805221178238
2021-07-02,813.05,0.6157048680478387
2021-07-03,813.05,0.6157048680478387
2021-07-04,813.05,0.6157048680478387
2021-07-05,813.05,0.6157048680478387
2021-07-06,812.181,0.6144034672073944
2021-07-07,819.694,0.6256548187773121
2021-07-08,797.451,0.592344049048884
2021-07-09,820.028,0.6261550119656993
2021-07-10,820.028,0.6261550119656993
2021-07-11,820.028,0.6261550119656993
2021-07-12,833.323,0.6460653965154206
2021-07-13,826.189,0.6353816294317265
2021-07-14,800.944,0.5975751113453998
2021-07-15,800.648,0.5971318263640748
2021-07-16,796.109,0.5903342907889575
2021-07-17,796.109,0.5903342907889575
2021-07-18,796.109,0.5903342907889575
2021-07-19,768.949,0.5496598985835845
2021-07-20,799.583,0.5955368989819421
2021-07-21,803.086,0.6007829371224214
2021-07-22,788.689,0.5792222145679018
2021-07-23,790.593,0.5820736152585877
2021-07-24,790.593,0.5820736152585877
2021-07-25,790.593,0.5820736152585877
2021-07-26,792.903,0.5855330352141994
2021-07-27,784.16,0.5724396548367483
2021-07-28,783.097,0.5708477226234083
2021-07-29,790.991,0.5826696538483425
2021-07-30,788.966,0.579637045445696
2021-07-31,788.966,0.579637045445696
2021-08-01,788.966,0.579637045445696
2021-08-02,794.511,0.5879411509235601
2021-08-03,800.842,0.5974223577369702
2021-08-04,802.476,0.5998694106406366
2021-08-05,809.084,0.6097654483318407
2021-08-06,815.287,0.6190549643425154
2021-08-07,815.287,0.6190549643425154
2021-08-08,815.287,0.6190549643425154
2021-08-09,820.636,0.6270655432786914
2021-08-10,830.275,0.6415007592752888
2021-08-11,834.397,0.6476738021571204
2021-08-12,835.708,0.6496371353007597
2021-08-13,834.185,0.6473563142650902
2021-08-14,834.185,0.6473563142650902
2021-08-15,834.185,0.6473563142650902
2021-08-16,841.483,0.6582856851897887
2021-08-17,827.594,0.6374857355086245
2021-08-18,820.58,0.6269816785524949
2021-08-19,822.271,0.629514093766754
2021-08-20,834.47,0.6477831258180555
2021-08-21,834.47,0.6477831258180555
2021-08-22,834.47,0.6477831258180555
2021-08-23,844.193,0.6623441389039477
2021-08-24,845.394,0.6641427377639866
2021-08-25,854.802,0.6782320117650229
2021-08-26,851.475,0.6732495484783045
2021-08-27,868.821,0.6992266474177151
2021-08-28,868.821,0.6992266474177151
2021-08-29,868.821,0.6992266474177151
2021-08-30,862.582,0.6898832183687711
2021-08-31,858.229,0.6833642334913783
2021-09-01,858.711,0.684086069170428
2021-09-02,864.939,0.693413024791012
2021-09-03,856.483,0.6807494511353185
2021-09-04,856.483,0.6807494511353185
2021-09-05,856.483,0.6807494511353185
2021-09-06,856.483,0.6807494511353185
2021-09-07,845.098,0.6636994527826614
2021-09-08,844.653,0.6630330277262775
2021-09-09,842.646,0.6600273758427655
2021-09-10,837.593,0.6524600818879147
2021-09-11,837.593,0.6524600818879147
2021-09-12,837.593,0.6524600818879147
2021-09-13,837.27,0.6519763621278876
2021-09-14,824.193,0.6323924509765746
2021-09-15,831.226,0.6429249620362354
2021-09-16,813.678,0.6166453510487582
2021-09-17,801.063,0.5977533238885677
2021-09-18,801.063,0.5977533238885677
2021-09-19,801.063,0.5977533238885677
2021-09-20,783.367,0.5712520704104278
2021-09-21,772.369,0.5547816372191654
2021-09-22,777.684,0.5627412982858648
2021-09-23,800.639,0.5971183481045073
2021-09-24,799.214,0.594984290339682
2021-09-25,799.214,0.594984290339682
2021-09-26,799.214,0.594984290339682
2021-09-27,800.0,0.5961613916752277
2021-09-28,786.379,0.5757627946122903
2021-09-29,782.73,0.5702981091499411
2021-09-30,766.362,0.5457856477501788
2021-10-01,769.312,0.5502035217194665
2021-10-02,769.312,0.5502035217194665
2021-10-03,769.312,0.5502035217194665
2021-10-04,754.386,0.5278505770192679
2021-10-05,766.475,0.5459548747869685
2021-10-06,765.346,0.5442641020034684
2021-10-07,769.726,0.5508235216595629
2021-10-08,771.603,0.5536344875715469
2021-10-09,771.603,0.5536344875715469
2021-10-10,771.603,0.5536344875715469
2021-10-11,767.332,0.5472383046146565
2021-10-12,764.1,0.542398111845593
2021-10-13,793.006,0.5856872864070253
2021-10-14,815.561,0.6194653024671204
2021-10-15,829.046,0.639660228052152
2021-10-16,829.046,0.639660228052152
2021-10-17,829.046,0.639660228052152
2021-10-18,819.039,0.6246739009976907
2021-10-19,823.915,0.6319761225143841
2021-10-20,825.081,0.6337223059205501
2021-10-21,825.811,0.6348155425298991
2021-10-22,836.096,0.6502181980465509
2021-10-23,836.096,0.6502181980465509
2021-10-24,836.096,0.6502181980465509
2021-10-25,845.013,0.6635721581089702
2021-10-26,851.271,0.6729440412614451
2021-10-27,838.195,0.6533616276945287
2021-10-28,854.84,0.678288919972085
2021-10-29,862.129,0.6892048126372161
2021-10-30,862.129,0.6892048126372161
2021-10-31,862.129,0.6892048126372161
2021-11-01,855.521,0.6793087749460118
2021-11-02,866.14,0.6952116236510508
2021-11-03,869.651,0.700469642466701
2021-11-04,871.795,0.7036804634125156
2021-11-05,872.773,0.7051451009521641
2021-11-06,872.773,0.7051451009521641
2021-11-07,872.773,0.7051451009521641
2021-11-08,882.609,0.7198753410748462
2021-11-09,883.403,0.721064423085563
2021-11-10,876.518,0.7107535545165646
2021-11-11,882.359,0.7195009449757541
2021-11-12,887.736,0.7275534562750283
2021-11-13,887.736,0.7275534562750283
2021-11-14,887.736,0.7275534562750283
2021-11-15,871.057,0.7025752461279955
2021-11-16,867.139,0.696707710463023
2021-11-17,851.234,0.6728886306387796
2021-11-18,843.213,0.6608765061955064
2021-11-19,836.078,0.6501912415274163
2021-11-20,836.078,0.6501912415274163
2021-11-21,836.078,0.6501912415274163
2021-11-22,840.08,0.6561845742816836
2021-11-23,854.792,0.6782170359210593
2021-11-24,850.486,0.6717684375102957
2021-11-25,850.486,0.6717684375102957
2021-11-26,823.906,0.6319626442548167
2021-11-27,823.906,0.6319626442548167
2021-11-28,823.906,0.6319626442548167
2021-11-29,847.998,0.6680424475321307
2021-11-30,826.624,0.636033078644147
2021-12-01,822.716,0.6301805188231382
2021-12-02,839.635,0.6555181492252995
2021-12-03,822.024,0.629144190420851
2021-12-04,822.024,0.629144190420851
2021-12-05,822.024,0.629144190420851
2021-12-06,823.177,0.6308709052298642
2021-12-07,845.411,0.6641681966987247
2021-12-08,848.11,0.6682101769845239
2021-12-09,843.719,0.6616342839000693
2021-12-10,849.303,0.6699967951693917
2021-12-11,849.303,0.6699967951693917
2021-12-12,849.303,0.6699967951693917
2021-12-13,842.417,0.6596844290159971
2021-12-14,828.39,0.6386778126881338
2021-12-15,839.893,0.6559045259995626
2021-12-16,845.984,0.6650263125578442
2021-12-17,838.665,0.6540654923608218
2021-12-18,838.665,0.6540654923608218
2021-12-19,838.665,0.6540654923608218
2021-12-20,823.715,0.6316766056351106
2021-12-21,836.181,0.6503454927202421
2021-12-22,836.799,0.6512709998771979
2021-12-23,838.979,0.6545357338612818
2021-12-24,838.979,0.6545357338612818
2021-12-25,838.979,0.6545357338612818
2021-12-26,838.979,0.6545357338612818
2021-12-27,846.928,0.6664400322280162
2021-12-28,846.234,0.6654007086569362
2021-12-29,835.126,0.6487655411820732
2021-12-30,838.84,0.6543275696301865
2021-12-31,840.486,0.6567925935466092
2022-01-01,840.486,0.6567925935466092
2022-01-02,840.486,0.6567925935466092
2022-01-03,836.974,0.6515330771465626
2022-01-04,842.011,0.6590764097510713
2022-01-05,818.649,0.6240898430831068
2022-01-06,822.069,0.6292115817186876
2022-01-07,819.111,0.6247817270742291
2022-01-08,819.111,0.6247817270742291
2022-01-09,819.111,0.6247817270742291
2022-01-10,801.729,0.5987507150965492
2022-01-11,815.36,0.6191642880034505
2022-01-12,812.531,0.6149276217461233
2022-01-13,796.443,0.5908344839773445
2022-01-14,779.024,0.5647480613769988
2022-01-15,779.024,0.5647480613769988
2022-01-16,779.024,0.5647480613769988
2022-01-17,779.024,0.5647480613769988
2022-01-18,763.784,0.5419248751763406
2022-01-19,757.816,0.5329872914988123
2022-01-20,758.774,0.5344219773505334
2022-01-21,735.248,0.49918980684156455
2022-01-22,735.248,0.49918980684156455
2022-01-23,735.248,0.49918980684156455
2022-01-24,722.31,0.47981405992134674
2022-01-25,733.076,0.4959370535326517
2022-01-26,730.25,0.491704880028514
2022-01-27,723.353,0.4813760404467593
2022-01-28,741.873,0.509111303467507
2022-01-29,741.873,0.509111303467507
2022-01-30,741.873,0.509111303467507
2022-01-31,755.468,0.5294709633361387
2022-02-01,758.23,0.533607291438909
2022-02-02,755.071,0.5288764223307805
2022-02-03,739.702,0.5058600477429904
2022-02-04,743.417,0.5114235737755002
2022-02-05,743.417,0.5114235737755002
2022-02-06,743.417,0.5114235737755002
2022-02-07,749.941,0.5211938143774093
2022-02-08,741.188,0.5080854581559944
2022-02-09,746.337,0.5157965202128965
2022-02-10,714.38,0.4679382156581433
2022-02-11,709.15,0.4601058492651353
2022-02-12,709.15,0.4601058492651353
2022-02-13,709.15,0.4601058492651353
2022-02-14,697.969,0.4433613581293374
2022-02-15,717.135,0.47206406067013895
2022-02-16,719.188,0.4751386014358838
2022-02-17,699.984,0.4463789906880202
2022-02-18,694.029,0.4374608756076448
2022-02-19,694.029,0.4374608756076448
2022-02-20,694.029,0.4374608756076448
2022-02-21,694.029,0.4374608756076448
2022-02-22,684.357,0.42297623932596706
2022-02-23,672.424,0.4051055647241
2022-02-24,671.788,0.4041531010480095
2022-02-25,689.3,0.4303787989972174
2022-02-26,689.3,0.4303787989972174
2022-02-27,689.3,0.4303787989972174
2022-02-28,682.897,0.42078976610726904
2022-03-01,656.199,0.3808072578930184
2022-03-02,677.528,0.41274923548316567
2022-03-03,677.221,0.4122894770734804
2022-03-04,643.734,0.3621398683922833
2022-03-05,643.734,0.3621398683922833
2022-03-06,643.734,0.3621398683922833
2022-03-07,625.693,0.33512194829739617
2022-03-08,612.57,0.3154691482638504
2022-03-09,640.645,0.3575138301919004
2022-03-10,644.296,0.3629815108230424
2022-03-11,634.906,0.34891919334114063
2022-03-12,634.906,0.34891919334114063
2022-03-13,634.906,0.34891919334114063
2022-03-14,644.601,0.3634382740639348
2022-03-15,653.972,0.37747213744230546
2022-03-16,675.634,0.40991281063644336
2022-03-17,684.708,0.42350189144909245
2022-03-18,682.545,0.42026261639974716
2022-03-19,682.545,0.42026261639974716
2022-03-20,682.545,0.42026261639974716
2022-03-21,678.144,0.41367174747132873
2022-03-22,690.198,0.43172362978515655
2022-03-23,680.578,0.41731686789209
2022-03-24,682.257,0.4198313120935928
2022-03-25,684.809,0.42365314747312577
2022-03-26,684.809,0.42365314747312577
2022-03-27,684.809,0.42365314747312577
2022-03-28,692.977,0.4358854168226649
2022-03-29,714.565,0.46821526877147157
2022-03-30,718.374,0.47391956773723987
2022-03-31,706.183,0.45566251636110944
2022-04-01,711.35,0.4634005349371464
2022-04-02,711.35,0.4634005349371464
2022-04-03,711.35,0.4634005349371464
2022-04-04,722.873,0.48065719993650236
2022-04-05,706.424,0.4560234342006342
2022-04-06,688.681,0.4294517942558653
2022-04-07,692.064,0.4345181222687804
2022-04-08,680.244,0.416816674703703
2022-04-09,680.244,0.416816674703703
2022-04-10,680.244,0.416816674703703
2022-04-11,673.11,0.40613290762000887
2022-04-12,662.435,0.3901461941887734
2022-04-13,661.43,0.3886411218704229
2022-04-14,635.951,0.35048416903534596
2022-04-15,635.951,0.35048416903534596
2022-04-16,635.951,0.35048416903534596
2022-04-17,635.951,0.35048416903534596
2022-04-18,628.4,0.33917590925836616
2022-04-19,648.334,0.3690287566155789
2022-04-20,645.96,0.36547349125859985
2022-04-21,629.749,0.3411961506090675
2022-04-22,612.635,0.31556649124961433
2022-04-23,612.635,0.31556649124961433
2022-04-24,612.635,0.31556649124961433
2022-04-25,617.57,0.32295707024569376
2022-04-26,597.951,0.293575961973337
2022-04-27,594.226,0.28799746009686367
2022-04-28,601.574,0.29900171024138056
2022-04-29,577.279,0.262617897331604
2022-04-30,577.279,0.262617897331604
2022-05-01,577.279,0.262617897331604
2022-05-02,577.391,0.2627856267839973
2022-05-03,583.173,0.27144465976380094
2022-05-04,614.751,0.31873537983233036
2022-05-05,585.715,0.2752515192993701
2022-05-06,580.919,0.2680691045343859
2022-05-07,580.919,0.2680691045343859
2022-05-08,580.919,0.2680691045343859
2022-05-09,559.609,0.2361555810477699
2022-05-10,563.924,0.24261765771810062
2022-05-11,554.797,0.22894920493244397
2022-05-12,554.839,0.22901210347709144
2022-05-13,568.64,0.24968026573137525
2022-05-14,568.64,0.24968026573137525
2022-05-15,568.64,0.24968026573137525
2022-05-16,553.177,0.22652311821032667
2022-05-17,565.303,0.24468282660069307
2022-05-18,546.949,0.21719616258974261
2022-05-19,548.076,0.21888394020445023
2022-05-20,554.878,0.22907050926854988
2022-05-21,554.878,0.22907050926854988
2022-05-22,554.878,0.22907050926854988
2022-05-23,565.107,0.24438930005900472
2022-05-24,571.43,0.2538585261972437
2022-05-25,579.053,0.2652746120507621
2022-05-26,602.933,0.3010369274360456
2022-05-27,615.954,0.32053697386116187
2022-05-28,615.954,0.32053697386116187
2022-05-29,615.954,0.32053697386116187
2022-05-30,615.954,0.32053697386116187
2022-05-31,618.309,0.32406378511461
2022-06-01,610.391,0.312205911864163
2022-06-02,634.398,0.34815842046778545
2022-06-03,625.213,0.3344031077871392
2022-06-04,625.213,0.3344031077871392
2022-06-05,625.213,0.3344031077871392
2022-06-06,628.562,0.339418517930578
2022-06-07,632.537,0.3453714159061434
2022-06-08,616.529,0.32139808488907384
2022-06-09,614.147,0.31783083885692376
2022-06-10,574.888,0.2590371730398866
2022-06-11,574.888,0.2590371730398866
2022-06-12,574.888,0.2590371730398866
2022-06-13,557.248,0.2326197842879436
2022-06-14,550.279,0.22218311862965034
2022-06-15,558.347,0.23426562953955266
2022-06-16,545.197,0.21457239472730483
2022-06-17,541.93,0.20967978650436836
2022-06-18,541.93,0.20967978650436836
2022-06-19,541.93,0.20967978650436836
2022-06-20,541.93,0.20967978650436836
2022-06-21,571.974,0.2546732121088684
2022-06-22,567.077,0.24733954131985103
2022-06-23,581.439,0.2688478484204976
2022-06-24,602.912,0.3010054781637219
2022-06-25,602.912,0.3010054781637219
2022-06-26,602.912,0.3010054781637219
2022-06-27,592.804,0.2858678950852275
2022-06-28,585.547,0.2749999251207802
2022-06-29,575.156,0.2594385256581133
2022-06-30,566.856,0.24700857516825359
2022-07-01,573.985,0.2576848543299657
2022-07-02,573.985,0.2576848543299657
2022-07-03,573.985,0.2576848543299657
2022-07-04,573.985,0.2576848543299657
2022-07-05,577.726,0.2632873175567808
2022-07-06,572.16,0.2549517628065928
2022-07-07,580.498,0.26743862150351483
2022-07-08,576.647,0.2616714239930992
2022-07-09,576.647,0.2616714239930992
2022-07-10,576.647,0.2616714239930992
2022-07-11,563.095,0.24137616025351105
2022-07-12,561.504,0.23899350347888848
2022-07-13,555.072,0.22936104064144525
2022-07-14,547.858,0.2185574668060417
2022-07-15,558.787,0.2349245666739549
2022-07-16,558.787,0.2349245666739549
2022-07-17,558.787,0.2349245666739549
2022-07-18,556.144,0.23096645111435254
2022-07-19,584.818,0.27390818609582734
2022-07-20,590.766,0.2828158180854281
2022-07-21,595.027,0.2891970251983551
2022-07-22,589.753,0.28129876509190677
2022-07-23,589.753,0.28129876509190677
2022-07-24,589.753,0.28129876509190677
2022-07-25,592.088,0.28479562465742747
2022-07-26,579.792,0.26638132691967853
2022-07-27,598.761,0.29478900533439556
2022-07-28,614.268,0.3180120465688844
2022-07-29,622.83,0.33083436417059287
2022-07-30,622.83,0.33083436417059287
2022-07-31,622.83,0.33083436417059287
2022-08-01,624.887,0.33391489527392304
2022-08-02,620.018,0.32662315684800414
2022-08-03,642.709,0.36060484438600526
2022-08-04,647.801,0.3682305441323146
2022-08-05,647.727,0.36811972288698325
2022-08-06,647.727,0.36811972288698325
2022-08-07,647.727,0.36811972288698325
2022-08-08,648.043,0.3685929595562357
2022-08-09,648.267,0.3689284184610224
2022-08-10,674.979,0.40893189285682197
2022-08-11,678.18,0.4137256605095978
2022-08-12,699.755,0.4460360438612516
2022-08-13,699.755,0.4460360438612516
2022-08-14,699.755,0.4460360438612516
2022-08-15,703.469,0.4515980723093651
2022-08-16,704.633,0.4533412605467382
2022-08-17,691.741,0.43403440250875325
2022-08-18,693.604,0.4368244022391883
2022-08-19,664.406,0.39309793303401597
2022-08-20,664.406,0.39309793303401597
2022-08-21,664.406,0.39309793303401597
2022-08-22,646.908,0.36689320126635727
2022-08-23,648.693,0.3695663894138753
2022-08-24,651.906,0.37437812807940773
2022-08-25,661.38,0.38856624265060447
2022-08-26,629.585,0.34095054676806313
2022-08-27,629.585,0.34095054676806313
2022-08-28,629.585,0.34095054676806313
2022-08-29,629.075,0.3401867787259151
2022-08-30,626.125,0.33576890475662746
2022-08-31,620.232,0.3269436399088269
2022-09-01,618.8,0.324799099053227
2022-09-02,612.48,0.3153343656681772
2022-09-03,612.48,0.3153343656681772
2022-09-04,612.48,0.3153343656681772
2022-09-05,612.48,0.3153343656681772
2022-09-06,620.402,0.3271982292562098
2022-09-07,632.209,0.34488020822413434
2022-09-08,648.807,0.3697371140350614
2022-09-09,652.125,0.37470609906221264
2022-09-10,652.125,0.37470609906221264
2022-09-11,652.125,0.37470609906221264
2022-09-12,653.391,0.3766020409080153
2022-09-13,604.726,0.3037220962587346
2022-09-14,603.478,0.30185311093206646
2022-09-15,592.938,0.28606857139434083
2022-09-16,587.687,0.27820475572900905
2022-09-17,587.687,0.27820475572900905
2022-09-18,587.687,0.27820475572900905
2022-09-19,595.178,0.2894231604422066
2022-09-20,583.534,0.27198528773089004
2022-09-21,570.2,0.25201649738971044
2022-09-22,563.082,0.2413566916563582
2022-09-23,554.54,0.22856432574257712
2022-09-24,554.54,0.22856432574257712
2022-09-25,554.54,0.22856432574257712
2022-09-26,548.219,0.2190980947731309
2022-09-27,542.547,0.21060379607692792
2022-09-28,548.953,0.22019732172006545
2022-09-29,528.782,0.1899895468609134
2022-09-30,515.991,0.1708339448469618
2022-10-01,515.991,0.1708339448469618
2022-10-02,515.991,0.1708339448469618
2022-10-03,537.033,0.2023461157153511
2022-10-04,554.456,0.22843852865328218
2022-10-05,546.812,0.21699099352744022
2022-10-06,535.992,0.2007871303587313
2022-10-07,516.105,0.17100466946814785
2022-10-08,516.105,0.17100466946814785
2022-10-09,516.105,0.17100466946814785
2022-10-10,511.546,0.16417718220510313
2022-10-11,498.043,0.14395530010093716
2022-10-12,498.007,0.14390138706266786
2022-10-13,530.76,0.19295176879693043
2022-10-14,516.62,0.1717759254322777
2022-10-15,516.62,0.1717759254322777
2022-10-16,516.62,0.1717759254322777
2022-10-17,533.779,0.1974729760895675
2022-10-18,544.854,0.21405872327935038
2022-10-19,541.89,0.20961988312851365
2022-10-20,536.695,0.20183993218937857
2022-10-21,560.044,0.23680703026019023
2022-10-22,560.044,0.23680703026019023
2022-10-23,560.044,0.23680703026019023
2022-10-24,573.34,0.256718912394308
2022-10-25,596.315,0.29112591390087794
2022-10-26,598.058,0.2937362035037484
2022-10-27,608.542,0.30943687831527744
2022-10-28,622.39,0.3301754270361905
2022-10-29,622.39,0.3301754270361905
2022-10-30,622.39,0.3301754270361905
2022-10-31,605.663,0.30512533283813204
2022-11-01,611.372,0.3136750421570006
2022-11-02,599.004,0.2951529183427132
2022-11-03,594.318,0.28813523786132955
2022-11-04,615.264,0.31950364062766756
2022-11-05,615.264,0.31950364062766756
2022-11-06,615.264,0.31950364062766756
2022-11-07,634.161,0.3478034929658459
2022-11-08,643.565,0.3618867766292969
2022-11-09,627.895,0.3384196291382
2022-11-10,712.467,0.4650733367078901
2022-11-11,726.474,0.48605000134782594
2022-11-12,726.474,0.48605000134782594
2022-11-13,726.474,0.48605000134782594
2022-11-14,694.968,0.438867107355835
2022-11-15,694.18,0.4376870108514963
2022-11-16,681.729,0.41904058753231044
2022-11-17,676.365,0.41100754483018886
2022-11-18,675.708,0.4100236318817745
2022-11-19,675.708,0.4100236318817745
2022-11-20,675.708,0.4100236318817745
2022-11-21,678.605,0.41436213387805476
2022-11-22,687.748,0.4280545480140534
2022-11-23,690.439,0.4320845476246813
2022-11-24,690.439,0.4320845476246813
2022-11-25,691.809,0.4341362382477063
2022-11-26,691.809,0.4341362382477063
2022-11-27,691.809,0.4341362382477063
2022-11-28,676.234,0.41081136127426454
2022-11-29,669.511,0.40074310137747804
2022-11-30,671.384,0.40354807695187667
2022-12-01,677.181,0.4122295736976258
2022-12-02,668.552,0.39930691794136064
2022-12-03,668.552,0.39930691794136064
2022-12-04,668.552,0.39930691794136064
2022-12-05,668.349,0.39900290830889773
2022-12-06,670.622,0.40240691764184366
2022-12-07,669.554,0.4008074975065219
2022-12-08,664.156,0.3927235369349238
2022-12-09,667.469,0.39768503404009337
2022-12-10,667.469,0.39768503404009337
2022-12-11,667.469,0.39768503404009337
2022-12-12,669.622,0.40090933324547495
2022-12-13,683.709,0.42200580463712023
2022-12-14,671.784,0.404147110710424
2022-12-15,659.19,0.3852865328225572
2022-12-16,661.114,0.3881678852011705
2022-12-17,661.114,0.3881678852011705
2022-12-18,661.114,0.3881678852011705
2022-12-19,653.798,0.3772115577573374
2022-12-20,652.939,0.3759251327608566
2022-12-21,673.126,0.40615686897035075
2022-12-22,664.051,0.3925662905733053
2022-12-23,664.627,0.3934288991856135
2022-12-24,664.627,0.3934288991856135
2022-12-25,664.627,0.3934288991856135
2022-12-26,664.627,0.3934288991856135
2022-12-27,663.985,0.39246745000314487
2022-12-28,661.219,0.38832513156278925
2022-12-29,676.155,0.4106930521069514
2022-12-30,669.056,0.4000617004771303
2022-12-31,669.056,0.4000617004771303
2023-01-01,669.056,0.4000617004771303
2023-01-02,669.056,0.4000617004771303
2023-01-03,672.274,0.40488092706464474
2023-01-04,681.583,0.4188219402104405
2023-01-05,662.079,0.3896130541436661
2023-01-06,696.784,0.44158672061964044
2023-01-07,696.784,0.44158672061964044
2023-01-08,696.784,0.44158672061964044
2023-01-09,710.938,0.4627835301658425
2023-01-10,714.988,0.46884874697113554
2023-01-11,713.704,0.466925848606198
2023-01-12,711.854,0.4641553174729163
2023-01-13,711.882,0.4641972498360143
2023-01-14,711.882,0.4641972498360143
2023-01-15,711.882,0.4641972498360143
2023-01-16,711.882,0.4641972498360143
2023-01-17,707.86,0.4581739653938197
2023-01-18,705.623,0.4548238690991431
2023-01-19,689.108,0.4300912627931146
2023-01-20,700.287,0.44683275876011996
2023-01-21,700.287,0.44683275876011996
2023-01-22,700.287,0.44683275876011996
2023-01-23,706.246,0.4557568641780807
2023-01-24,710.069,0.4614821293253979
2023-01-25,709.294,0.46032150141821226
2023-01-26,716.519,0.4711415486819759
2023-01-27,716.782,0.471535413378221
2023-01-28,716.782,0.471535413378221
2023-01-29,716.782,0.471535413378221
2023-01-30,706.095,0.45553072893422897
2023-01-31,716.812,0.47158034091011203
2023-02-01,720.039,0.47641304575719357
2023-02-02,727.688,0.48786806880501743
2023-02-03,714.875,0.46867951993434587
2023-02-04,714.875,0.46867951993434587
2023-02-05,714.875,0.46867951993434587
2023-02-06,700.921,0.4477822272674177
2023-02-07,699.447,0.4455747878671701
2023-02-08,689.099,0.4300777845335473
2023-02-09,675.985,0.41043846275956875
2023-02-10,683.104,0.42109976607731725
2023-02-11,683.104,0.42109976607731725
2023-02-12,683.104,0.42109976607731725
2023-02-13,695.756,0.4400472038601735
2023-02-14,688.429,0.4290744029879803
2023-02-15,683.747,0.4220627128441823
2023-02-16,673.181,0.4062392361121512
2023-02-17,676.165,0.410708027950915
2023-02-18,676.165,0.410708027950915
2023-02-19,676.165,0.410708027950915
2023-02-20,676.165,0.410708027950915
2023-02-21,656.892,0.38184508387970206
2023-02-22,649.02,0.3700560995114879
2023-02-23,653.203,0.376320495041498
2023-02-24,645.263,0.36442967493433087
2023-02-25,645.263,0.36442967493433087
2023-02-26,645.263,0.36442967493433087
2023-02-27,644.914,0.36390701797999814
2023-02-28,650.927,0.3729119929553629
2023-03-01,642.553,0.36037122122017184
2023-03-02,647.605,0.36793701759062625
2023-03-03,656.414,0.38112923853823777
2023-03-04,656.414,0.38112923853823777
2023-03-05,656.414,0.38112923853823777
2023-03-06,654.654,0.37849349000062893
2023-03-07,641.598,0.35894102812163964
2023-03-08,641.31,0.3585097238154855
2023-03-09,619.363,0.32564223906838274
2023-03-10,603.907,0.3024955746381087
2023-03-11,603.907,0.3024955746381087
2023-03-12,603.907,0.3024955746381087
2023-03-13,595.103,0.2893108416124789
2023-03-14,606.572,0.30648663705443113
2023-03-15,600.78,0.2978126282306638
2023-03-16,605.763,0.305275091277769
2023-03-17,605.506,0.3048902120879021
2023-03-18,605.506,0.3048902120879021
2023-03-19,605.506,0.3048902120879021
2023-03-20,612.02,0.31464547684584754
2023-03-21,629.701,0.34112426655804184
2023-03-22,616.547,0.3214250414082085
2023-03-23,619.839,0.32635508924105416
2023-03-24,613.276,0.3165264428476866
2023-03-25,613.276,0.3165264428476866
2023-03-26,613.276,0.3165264428476866
2023-03-27,616.547,0.3214250414082085
2023-03-28,614.568,0.31846132188779486
2023-03-29,625.011,0.3341005957390728
2023-03-30,628.644,0.33954131985108016
2023-03-31,636.328,0.3510487583527768
2023-04-01,636.328,0.3510487583527768
2023-04-02,636.328,0.3510487583527768
2023-04-03,633.751,0.3471894833633349
2023-04-04,626.807,0.33679025731495094
2023-04-05,623.889,0.3324203060463472
2023-04-06,624.231,0.33293247990990527
2023-04-07,624.231,0.33293247990990527
2023-04-08,624.231,0.33293247990990527
2023-04-09,624.231,0.33293247990990527
2023-04-10,627.483,0.337802624366896
2023-04-11,636.862,0.3518484684204377
2023-04-12,633.332,0.34656199550125644
2023-04-13,637.859,0.3533415600636174
2023-04-14,657.451,0.38268223355727204
2023-04-15,657.451,0.38268223355727204
2023-04-16,657.451,0.38268223355727204
2023-04-17,664.136,0.3926935852469965
2023-04-18,660.017,0.3865250351183541
2023-04-19,661.169,0.3882502523429707
2023-04-20,662.252,0.3898721362442379
2023-04-21,647.57,0.36788460213675345
2023-04-22,647.57,0.36788460213675345
2023-04-23,647.57,0.36788460213675345
2023-04-24,641.149,0.3582686127276702
2023-04-25,627.379,0.3376468755896739
2023-04-26,618.782,0.3247721425340925
2023-04-27,630.204,0.3418775515094151
2023-04-28,638.306,0.3540109802887942
2023-04-29,638.306,0.3540109802887942
2023-04-30,638.306,0.3540109802887942
2023-05-01,630.479,0.34228938721841673
2023-05-02,619.534,0.32589832600016166
2023-05-03,610.926,0.3130071195162203
2023-05-04,600.704,0.2976988118165398
2023-05-05,612.895,0.3159558631926701
2023-05-06,612.895,0.3159558631926701
2023-05-07,612.895,0.3159558631926701
2023-05-08,611.621,0.3140479406716965
2023-05-09,604.423,0.30326832818663485
2023-05-10,598.346,0.29416750780990253
2023-05-11,610.556,0.312453013289564
2023-05-12,613.485,0.3168394379865277
2023-05-13,613.485,0.3168394379865277
2023-05-14,613.485,0.3168394379865277
2023-05-15,613.152,0.31634074238253695
2023-05-16,602.768,0.30078982601064486
2023-05-17,618.753,0.32472871258659786
2023-05-18,636.528,0.3513482752320507
2023-05-19,634.028,0.34760431424112903
2023-05-20,634.028,0.34760431424112903
2023-05-21,634.028,0.34760431424112903
2023-05-22,638.487,0.3542820430645368
2023-05-23,629.111,0.34024069176418426
2023-05-24,622.9,0.3309391950783386
2023-05-25,628.149,0.3388000155748777
2023-05-26,639.353,0.35557895115179206
2023-05-27,639.353,0.35557895115179206
2023-05-28,639.353,0.35557895115179206
2023-05-29,639.353,0.35557895115179206
2023-05-30,640.571,0.3574030089465692
2023-05-31,625.326,0.334572334823929
2023-06-01,636.063,0.35065189848773914
2023-06-02,648.443,0.36919199331478314
2023-06-03,648.443,0.36919199331478314
2023-06-04,648.443,0.36919199331478314
2023-06-05,643.337,0.3615453273869248
2023-06-06,651.354,0.3735514614926124
2023-06-07,649.735,0.3711268723548915
2023-06-08,651.986,0.3744979348311174
2023-06-09,655.646,0.3799790937218266
2023-06-10,655.646,0.3799790937218266
2023-06-11,655.646,0.3799790937218266
2023-06-12,653.711,0.3770812679148533
2023-06-13,660.139,0.386707740414711
2023-06-14,663.356,0.39152546941782895
2023-06-15,681.31,0.41841309967023177
2023-06-16,673.253,0.40634706218868955
2023-06-17,673.253,0.40634706218868955
2023-06-18,673.253,0.40634706218868955
2023-06-19,673.253,0.40634706218868955
2023-06-20,661.92,0.38937493822464353
2023-06-21,660.09,0.386634358779289
2023-06-22,650.837,0.3727772103596897
2023-06-23,651.861,0.37431073678157123
2023-06-24,651.861,0.37431073678157123
2023-06-25,651.861,0.37431073678157123
2023-06-26,651.594,0.3739108817477409
2023-06-27,655.875,0.3803220405485951
2023-06-28,656.432,0.3811561950573724
2023-06-29,659.295,0.3854437791841758
2023-06-30,662.102,0.38964749858478265
2023-07-01,662.102,0.38964749858478265
2023-07-02,662.102,0.38964749858478265
2023-07-03,664.44,0.3931488509034927
2023-07-04,664.44,0.3931488509034927
2023-07-05,663.722,0.39207358530689984
2023-07-06,652.035,0.3745713164665394
2023-07-07,655.359,0.37954928700006885
2023-07-08,655.359,0.37954928700006885
2023-07-09,655.359,0.37954928700006885
2023-07-10,666.921,0.39686435779088336
2023-07-11,680.362,0.41699338966247423
2023-07-12,695.497,0.4396593295015139
2023-07-13,708.716,0.45945589763711125
2023-07-14,697.443,0.44257362873684736
2023-07-15,697.443,0.44257362873684736
2023-07-16,697.443,0.44257362873684736
2023-07-17,697.29,0.44234449832420286
2023-07-18,707.885,0.4582114050037289
2023-07-19,715.903,0.4702190366938128
2023-07-20,719.333,0.47535575117335727
2023-07-21,719.649,0.47582898784260985
2023-07-22,719.649,0.47582898784260985
2023-07-23,719.649,0.47582898784260985
2023-07-24,724.793,0.48353256197753014
2023-07-25,714.678,0.46838449580826125
2023-07-26,711.936,0.46427811939341845
2023-07-27,698.439,0.44406522279563054
2023-07-28,707.319,0.45736377223538427
2023-07-29,707.319,0.45736377223538427
2023-07-30,707.319,0.45736377223538427
2023-07-31,707.808,0.45809609100520854
2023-08-01,701.494,0.4486403431265369
2023-08-02,687.297,0.42737913745129097
2023-08-03,680.333,0.4169499597149797
2023-08-04,680.439,0.4171087036609946
2023-08-05,680.439,0.4171087036609946
2023-08-06,680.439,0.4171087036609946
2023-08-07,682.613,0.4203644521387002
2023-08-08,667.698,0.39802798086686164
2023-08-09,663.012,0.3910103003854781
2023-08-10,667.726,0.39806991322996
2023-08-11,666.384,0.39606015497003333
2023-08-12,666.384,0.39606015497003333
2023-08-13,666.384,0.39606015497003333
2023-08-14,663.817,0.392215855824555
2023-08-15,644.553,0.36336639001290916
2023-08-16,643.997,0.3625337330885281
2023-08-17,645.681,0.36505566521201305
2023-08-18,642.09,0.35967783964465316
2023-08-19,642.09,0.35967783964465316
2023-08-20,642.09,0.35967783964465316
2023-08-21,643.374,0.36160073800959047
2023-08-22,637.865,0.35335054556999557
2023-08-23,650.252,0.371901123487814
2023-08-24,644.878,0.36385310494172896
2023-08-25,647.561,0.3678711238771861
2023-08-26,647.561,0.3678711238771861
2023-08-27,647.561,0.3678711238771861
2023-08-28,650.472,0.3722305920550152
2023-08-29,661.997,0.3894902522231639
2023-08-30,666.575,0.39634619358973977
2023-08-31,671.108,0.4031347436584787
2023-09-01,676.521,0.4112411679960224
2023-09-02,676.521,0.4112411679960224
2023-09-03,676.521,0.4112411679960224
2023-09-04,676.521,0.4112411679960224
2023-09-05,666.692,0.39652141096411486
2023-09-06,665.016,0.39401145951580085
2023-09-07,666.829,0.39672658002641725
2023-09-08,666.404,0.39609010665796063
2023-09-09,666.404,0.39609010665796063
2023-09-10,666.404,0.39609010665796063
2023-09-11,671.527,0.40376223152055735
2023-09-12,672.889,0.4058019414684113
2023-09-13,672.781,0.40564020235360343
2023-09-14,682.027,0.41948686768242816
2023-09-15,672.956,0.4059022796229681
2023-09-16,672.956,0.4059022796229681
2023-09-17,672.956,0.4059022796229681
2023-09-18,670.525,0.40226165195539587
2023-09-19,664.802,0.3936909764549781
2023-09-20,659.514,0.3857717501669806
2023-09-21,645.379,0.3646033947243097
2023-09-22,636.954,0.3519862461849036
2023-09-23,636.954,0.3519862461849036
2023-09-24,636.954,0.3519862461849036
2023-09-25,634.493,0.3483006909854405
2023-09-26,624.043,0.33265093404338797
2023-09-27,620.83,0.32783919537785555
2023-09-28,622.615,0.3305123835253735
2023-09-29,623.822,0.3323199678917905
2023-09-30,623.822,0.3323199678917905
2023-10-01,623.822,0.3323199678917905
2023-10-02,620.493,0.3273345094362793
2023-10-03,603.538,0.3019429659958487
2023-10-04,614.21,0.317925186673895
2023-10-05,617.849,0.32337489629228056
2023-10-06,625.53,0.3348778420407881
2023-10-07,625.53,0.3348778420407881
2023-10-08,625.53,0.3348778420407881
2023-10-09,621.053,0.32817315669824565
2023-10-10,619.441,0.3257590506512994
2023-10-11,620.136,0.3267998718067756
2023-10-12,613.864,0.31740702247275143
2023-10-13,605.652,0.30510885940977206
2023-10-14,605.652,0.30510885940977206
2023-10-15,605.652,0.30510885940977206
2023-10-16,613.169,0.3163662013172751
2023-10-17,613.796,0.3173051867337984
2023-10-18,595.067,0.2892569285742097
2023-10-19,600.682,0.2976658649598197
2023-10-20,593.271,0.28656726699833157
2023-10-21,593.271,0.28656726699833157
2023-10-22,593.271,0.28656726699833157
2023-10-23,593.175,0.28642349889628016
2023-10-24,590.918,0.2830434509136762
2023-10-25,587.338,0.2776820987746763
2023-10-26,585.783,0.27535335503832314
2023-10-27,577.11,0.26236480556861774
2023-10-28,577.11,0.26236480556861774
2023-10-29,577.11,0.26236480556861774
2023-10-30,585.833,0.27542823425814156
2023-10-31,590.81,0.28288171179886834
2023-11-01,594.603,0.28856204941429464
2023-11-02,621.892,0.32942963000679903
2023-11-03,634.9,0.34891020783476245
2023-11-04,634.9,0.34891020783476245
2023-11-05,634.9,0.34891020783476245
2023-11-06,630.315,0.34204378337741226
2023-11-07,625.848,0.3353540738788333
2023-11-08,631.984,0.3445432517349515
2023-11-09,628.965,0.34002204444231454
2023-11-10,641.682,0.3590668252109347
2023-11-11,641.682,0.3590668252109347
2023-11-12,641.682,0.3590668252109347
2023-11-13,638.257,0.35393759865337193
2023-11-14,672.899,0.4058169173123751
2023-11-15,683.984,0.4224176403461217
2023-11-16,689.832,0.43117551389608555
2023-11-17,691.724,0.4340089435740151
2023-11-18,691.724,0.4340089435740151
2023-11-19,691.724,0.4340089435740151
2023-11-20,695.641,0.43987498165459105
2023-11-21,699.233,0.4452543048063473
2023-11-22,701.644,0.44886498078599213
2023-11-23,701.644,0.44886498078599213
2023-11-24,704.498,0.45313908665322833
2023-11-25,704.498,0.45313908665322833
2023-11-26,704.498,0.45313908665322833
2023-11-27,705.061,0.45398222666838395
2023-11-28,710.925,0.46276406156868966
2023-11-29,721.097,0.4779974900485515
2023-11-30,724.89,0.48367782766397793
2023-12-01,729.828,0.4910728994132463
2023-12-02,729.828,0.4910728994132463
2023-12-03,729.828,0.4910728994132463
2023-12-04,729.908,0.4911927061649559
2023-12-05,727.852,0.4881136726460218
2023-12-06,721.799,0.4790487942948023
2023-12-07,724.102,0.48249773115963945
2023-12-08,723.412,0.48146439792614504
2023-12-09,723.412,0.48146439792614504
2023-12-10,723.412,0.48146439792614504
2023-12-11,730.873,0.4926378751074516
2023-12-12,737.556,0.5026462316283835
2023-12-13,751.291,0.5232155533125069
2023-12-14,784.025,0.5722374809432385
2023-12-15,795.556,0.5895061266177655
2023-12-16,795.556,0.5895061266177655
2023-12-17,795.556,0.5895061266177655
2023-12-18,773.642,0.5566880621557428
2023-12-19,778.441,0.563874969673916
2023-12-20,766.639,0.546200478627973
2023-12-21,776.227,0.5605593178203556
2023-12-22,779.45,0.5653860323298519
2023-12-23,779.45,0.5653860323298519
2023-12-24,779.45,0.5653860323298519
2023-12-25,779.45,0.5653860323298519
2023-12-26,783.521,0.5714826984074686
2023-12-27,789.97,0.5811406201796503
2023-12-28,791.098,0.5828298953787538
2023-12-29,788.562,0.579032021349563
2023-12-30,788.562,0.579032021349563
2023-12-31,788.562,0.579032021349563
2024-01-01,788.562,0.579032021349563
2024-01-02,777.391,0.5623025060577287
2024-01-03,761.704,0.5388098996318935
2024-01-04,763.452,0.5414276771567461
2024-01-05,760.421,0.5368884988513527
2024-01-06,760.421,0.5368884988513527
2024-01-07,760.421,0.5368884988513527
2024-01-08,774.37,0.5577783035962991
2024-01-09,771.776,0.5538935696721188
2024-01-10,769.679,0.5507531351929338
2024-01-11,769.922,0.5511170482012513
2024-01-12,776.712,0.5612856462525944
2024-01-13,776.712,0.5612856462525944
2024-01-14,776.712,0.5612856462525944
2024-01-15,776.712,0.5612856462525944
2024-01-16,768.727,0.5493274348475907
2024-01-17,764.891,0.5435827011031205
2024-01-18,772.496,0.5549718304375042
2024-01-19,782.385,0.569781442533194
2024-01-20,782.385,0.569781442533194
2024-01-21,782.385,0.569781442533194
2024-01-22,771.292,0.5531687388242763
2024-01-23,769.873,0.5510436665658294
2024-01-24,763.258,0.5411371457838505
2024-01-25,767.834,0.5479900919816334
2024-01-26,764.762,0.5433895127159889
2024-01-27,764.762,0.5433895127159889
2024-01-28,764.762,0.5433895127159889
2024-01-29,766.123,0.5454277250794468
2024-01-30,759.353,0.5352890787160309
2024-01-31,752.146,0.524495987971402
2024-02-01,762.462,0.539945068604341
2024-02-02,765.444,0.5444108652743125
2024-02-03,765.444,0.5444108652743125
2024-02-04,765.444,0.5444108652743125
2024-02-05,760.751,0.5373827017021544
2024-02-06,765.424,0.5443809135863851
2024-02-07,771.951,0.5541556469414834
2024-02-08,770.495,0.5519751640603705
2024-02-09,774.39,0.5578082552842265
2024-02-10,774.39,0.5578082552842265
2024-02-11,774.39,0.5578082552842265
2024-02-12,778.809,0.5644260807317796
2024-02-13,755.797,0.529963668602544
2024-02-14,762.917,0.540626469504689
2024-02-15,775.205,0.559028786567267
2024-02-16,771.272,0.5531387871363491
2024-02-17,771.272,0.5531387871363491
2024-02-18,771.272,0.5531387871363491
2024-02-19,771.272,0.5531387871363491
2024-02-20,775.264,0.5591171440466527
2024-02-21,782.394,0.5697949207927613
2024-02-22,790.155,0.5814176732929783
2024-02-23,790.3,0.5816348230304518
2024-02-24,790.3,0.5816348230304518
2024-02-25,790.3,0.5816348230304518
2024-02-26,782.957,0.5706380608079167
2024-02-27,777.624,0.5626514432220828
2024-02-28,786.484,0.5759200409739091
2024-02-29,788.115,0.5783626011243863
2024-03-01,791.505,0.5834394122280759
2024-03-02,791.505,0.5834394122280759
2024-03-03,791.505,0.5834394122280759
2024-03-04,810.583,0.6120103273419972
2024-03-05,803.269,0.6010569950669569
2024-03-06,811.635,0.6135857861269771
2024-03-07,812.907,0.6154907134791581
2024-03-08,817.226,0.6219587804870743
2024-03-09,817.226,0.6219587804870743
2024-03-10,817.226,0.6219587804870743
2024-03-11,806.513,0.6059151588487768
2024-03-12,810.845,0.6124026944538459
2024-03-13,807.325,0.6071311973786282
2024-03-14,790.524,0.5819702819352384
2024-03-15,784.386,0.5727781089103274
2024-03-16,784.386,0.5727781089103274
2024-03-17,784.386,0.5727781089103274
2024-03-18,782.167,0.5694549691347857
2024-03-19,784.17,0.5724546306807119
2024-03-20,799.408,0.5952748217125776
2024-03-21,823.032,0.6306537554923908
2024-03-22,806.191,0.6054329366731461
2024-03-23,806.191,0.6054329366731461
2024-03-24,806.191,0.6054329366731461
2024-03-25,797.766,0.5928157881337401
2024-03-26,801.666,0.5986563672795779
2024-03-27,816.248,0.6204941429474258
2024-03-28,814.862,0.6184184909740587
2024-03-29,814.862,0.6184184909740587
2024-03-30,814.862,0.6184184909740587
2024-03-31,814.862,0.6184184909740587
2024-04-01,808.088,0.6082738542730575
2024-04-02,798.138,0.5933728895291894
2024-04-03,796.388,0.5907521168355443
2024-04-04,774.191,0.5575102359893491
2024-04-05,779.538,0.5655178197567323
2024-04-06,779.538,0.5655178197567323
2024-04-07,779.538,0.5655178197567323
2024-04-08,785.168,0.5739492199082878
2024-04-09,785.735,0.574798350261029
2024-04-10,765.941,0.5451551647193078
2024-04-11,768.2,0.5485382078707046
2024-04-12,746.149,0.5155149743463792
2024-04-13,746.149,0.5155149743463792
2024-04-14,746.149,0.5155149743463792
2024-04-15,745.749,0.5149159405878319
2024-04-16,732.73,0.4954188893315081
2024-04-17,736.757,0.5014496616956847
2024-04-18,730.414,0.49195048386951834
2024-04-19,732.514,0.4950954111018926
2024-04-20,732.514,0.4950954111018926
2024-04-21,732.514,0.4950954111018926
2024-04-22,742.935,0.5107017380964503
2024-04-23,749.297,0.5202293700261478
2024-04-24,745.563,0.5146373898901071
2024-04-25,740.53,0.5071000476231837
2024-04-26,745.641,0.514754201473024
2024-04-27,745.641,0.514754201473024
2024-04-28,745.641,0.514754201473024
2024-04-29,744.077,0.5124119794771034
2024-04-30,737.588,0.5026941543290671
2024-05-01,734.596,0.4982133818151322
2024-05-02,739.894,0.5061475839470932
2024-05-03,746.647,0.516260771375771
2024-05-04,746.647,0.516260771375771
2024-05-05,746.647,0.516260771375771
2024-05-06,757.135,0.5319674365248852
2024-05-07,763.273,0.5411596095497961
2024-05-08,760.741,0.5373677258581906
2024-05-09,771.299,0.5531792219150509
2024-05-10,778.667,0.5642134237474952
2024-05-11,778.667,0.5642134237474952
2024-05-12,778.667,0.5642134237474952
2024-05-13,772.471,0.554934390827595
2024-05-14,784.815,0.5734205726163697
2024-05-15,797.268,0.5920699911043485
2024-05-16,789.458,0.5803738569687094
2024-05-17,793.865,0.5869737114035061
2024-05-18,793.865,0.5869737114035061
2024-05-19,793.865,0.5869737114035061
2024-05-20,786.995,0.5766853066004534
2024-05-21,786.741,0.5763049201637758
2024-05-22,781.542,0.568518978887055
2024-05-23,766.822,0.5464745365725086
2024-05-24,764.231,0.5425942954015173
2024-05-25,764.231,0.5425942954015173
2024-05-26,764.231,0.5425942954015173
2024-05-27,764.231,0.5425942954015173
2024-05-28,753.979,0.5272410601699458
2024-05-29,739.483,0.5055320767601856
2024-05-30,744.643,0.513259612245448
2024-05-31,754.585,0.5281485963141452
2024-06-01,754.585,0.5281485963141452
2024-06-02,754.585,0.5281485963141452
2024-06-03,759.804,0.5359644892787931
2024-06-04,767.544,0.5475557925066865
2024-06-05,771.054,0.5528123137379406
2024-06-06,760.937,0.5376612523998789
2024-06-07,756.275,0.5306795139440081
2024-06-08,756.275,0.5306795139440081
2024-06-09,756.275,0.5306795139440081
2024-06-10,753.795,0.526965504641014
2024-06-11,745.393,0.5143828005427244
2024-06-12,757.672,0.5327716393457353
2024-06-13,757.278,0.5321815910935661
2024-06-14,756.903,0.5316199969449278
2024-06-15,756.903,0.5316199969449278
2024-06-16,756.903,0.5316199969449278
2024-06-17,768.464,0.5489335701513458
2024-06-18,770.992,0.5527194635053656
2024-06-19,770.992,0.5527194635053656
2024-06-20,770.186,0.5515124104818927
2024-06-21,774.879,0.5585405740540508
2024-06-22,774.879,0.5585405740540508
2024-06-23,774.879,0.5585405740540508
2024-06-24,786.045,0.5752626014239031
2024-06-25,781.56,0.5685459354061897
2024-06-26,774.732,0.5583204291477846
2024-06-27,768.514,0.5490084493711642
2024-06-28,774.603,0.558127240760653
2024-06-29,774.603,0.558127240760653
2024-06-30,774.603,0.558127240760653
2024-07-01,769.635,0.5506872414794934
2024-07-02,776.384,0.5607944385705856
2024-07-03,776.374,0.5607794627266218
2024-07-04,776.374,0.5607794627266218
2024-07-05,777.83,0.5629599456077348
2024-07-06,777.83,0.5629599456077348
2024-07-07,777.83,0.5629599456077348
2024-07-08,777.426,0.5623549215116017
2024-07-09,789.321,0.580168687906407
2024-07-10,798.884,0.5944900874888803
2024-07-11,811.546,0.6134525011157004
2024-07-12,814.596,0.6180201335246247
2024-07-13,814.596,0.6180201335246247
2024-07-14,814.596,0.6180201335246247
2024-07-15,809.668,0.61064003761932
2024-07-16,830.309,0.6415516771447654
2024-07-17,827.505,0.6373524504973478
2024-07-18,815.61,0.6195386841025425
2024-07-19,817.283,0.6220441427976673
2024-07-20,817.283,0.6220441427976673
2024-07-21,817.283,0.6220441427976673
2024-07-22,829.619,0.6405183439112712
2024-07-23,831.047,0.6426568944292854
2024-07-24,814.282,0.6175498920241651
2024-07-25,823.028,0.6306477651548053
2024-07-26,842.371,0.6596155401337642
2024-07-27,842.371,0.6596155401337642
2024-07-28,842.371,0.6596155401337642
2024-07-29,848.225,0.6683823991901063
2024-07-30,858.497,0.683765586109605
2024-07-31,862.343,0.6895252956980389
2024-08-01,851.373,0.673096794869875
2024-08-02,832.355,0.6446157348197357
2024-08-03,832.355,0.6446157348197357
2024-08-04,832.355,0.6446157348197357
2024-08-05,817.341,0.6221310026926568
2024-08-06,827.378,0.637162257279009
2024-08-07,826.275,0.6355104216898142
2024-08-08,841.023,0.6575967963674592
2024-08-09,842.381,0.6596305159777278
2024-08-10,842.381,0.6596305159777278
2024-08-11,842.381,0.6596305159777278
2024-08-12,824.731,0.633198151381821
2024-08-13,840.787,0.6572433664499162
2024-08-14,843.669,0.6615594046802507
2024-08-15,857.975,0.6829838470547007
2024-08-16,858.397,0.6836158276699684
2024-08-17,858.397,0.6836158276699684
2024-08-18,858.397,0.6836158276699684
2024-08-19,856.154,0.6802567458689133
2024-08-20,847.063,0.6666422061215258
2024-08-21,849.15,0.6697676647567472
2024-08-22,851.265,0.6729350557550671
2024-08-23,868.58,0.6988657295781904
2024-08-24,868.58,0.6988657295781904
2024-08-25,868.58,0.6988657295781904
2024-08-26,868.876,0.6993090145595153
2024-08-27,871.817,0.7037134102692357
2024-08-28,874.306,0.7074408978317972
2024-08-29,880.416,0.7165911384936099
2024-08-30,887.244,0.726816644752015
2024-08-31,887.244,0.726816644752015
2024-09-01,887.244,0.726816644752015
2024-09-02,887.244,0.726816644752015
2024-09-03,872.112,0.7041551976661644
2024-09-04,872.171,0.7042435551455501
2024-09-05,862.481,0.6897319623447378
2024-09-06,852.917,0.6754090651778681
2024-09-07,852.917,0.6754090651778681
2024-09-08,852.917,0.6754090651778681
2024-09-09,868.871,0.6993015266375335
2024-09-10,874.7,0.7080309460839664
2024-09-11,868.059,0.6980854881076821
2024-09-12,875.977,0.7099433613581292
2024-09-13,876.581,0.7108479023335359
2024-09-14,876.581,0.7108479023335359
2024-09-15,876.581,0.7108479023335359
2024-09-16,885.933,0.7248533116083755
2024-09-17,895.176,0.7386954841840112
2024-09-18,913.178,0.7656549984874397
2024-09-19,925.212,0.7836769291133401
2024-09-20,919.195,0.7746659638003899
2024-09-21,919.195,0.7746659638003899
2024-09-22,919.195,0.7746659638003899
2024-09-23,927.925,0.7877398755806881
2024-09-24,931.507,0.7931042228884808
2024-09-25,927.123,0.7865388128948008
2024-09-26,935.258,0.7987216619592596
2024-09-27,935.446,0.7990032078257769
2024-09-28,935.446,0.7990032078257769
2024-09-29,935.446,0.7990032078257769
2024-09-30,939.701,0.8053754294323257
2024-10-01,924.372,0.7824189582203904
2024-10-02,947.362,0.8168484234929059
2024-10-03,941.661,0.808310694849208
2024-10-04,939.385,0.8049021927630731
2024-10-05,939.385,0.8049021927630731
2024-10-06,939.385,0.8049021927630731
2024-10-07,930.953,0.7922745611328925
2024-10-08,939.266,0.8047239802199051
2024-10-09,946.046,0.8148776024272848
2024-10-10,945.719,0.8143878923296721
2024-10-11,980.03,0.8657715105534771
2024-10-12,980.03,0.8657715105534771
2024-10-13,980.03,0.8657715105534771
2024-10-14,981.475,0.86793552000623
2024-10-15,996.6,0.8905864840013058
2024-10-16,1005.25,0.9035405890298946
2024-10-17,992.144,0.8839132479310872
2024-10-18,996.62,0.8906164356892332
2024-10-19,996.62,0.8906164356892332
2024-10-20,996.62,0.8906164356892332
2024-10-21,990.195,0.8809944559425646
2024-10-22,990.471,0.8814077892359622
2024-10-23,977.953,0.8626610277622193
2024-10-24,973.835,0.8564939752179734
2024-10-25,964.008,0.8417772133548587
2024-10-26,964.008,0.8417772133548587
2024-10-27,964.008,0.8417772133548587
2024-10-28,976.032,0.8597841681367953
2024-10-29,973.014,0.8552644584285547
2024-10-30,969.748,0.8503733477900146
2024-10-31,970.896,0.8520925746770458
2024-11-01,974.904,0.8580948929376915
2024-11-02,974.904,0.8580948929376915
2024-11-03,974.904,0.8580948929376915
2024-11-04,981.258,0.867610544192218
2024-11-05,1003.87,0.901473922562906
2024-11-06,1019.19,0.9244169155152739
2024-11-07,1025.35,0.9336420353969046
2024-11-08,1028.55,0.9384343054652844
2024-11-09,1028.55,0.9384343054652844
2024-11-10,1028.55,0.9384343054652844
2024-11-11,1042.96,0.9600144966169568
2024-11-12,1025.64,0.9340763348718517
2024-11-13,1020.33,0.9261241617271341
2024-11-14,1036.26,0.9499806811612868
2024-11-15,1036.55,0.9504149806362336
2024-11-16,1036.55,0.9504149806362336
2024-11-17,1036.55,0.9504149806362336
2024-11-18,1039.13,0.9542787483788648
2024-11-19,1017.49,0.921871022041447
2024-11-20,1014.08,0.91676425924983
2024-11-21,1017.38,0.9217062877578466
2024-11-22,1025.75,0.9342410691554521
2024-11-23,1025.75,0.9342410691554521
2024-11-24,1025.75,0.9342410691554521
2024-11-25,1020.84,0.926887929769282
2024-11-26,1015.87,0.9194449353193299
2024-11-27,1008.92,0.9090367237645676
2024-11-28,1008.92,0.9090367237645676
2024-11-29,1012.23,0.913993728116548
2024-11-30,1012.23,0.913993728116548
2024-12-01,1012.23,0.913993728116548
2024-12-02,1009.57,0.9100101536222074
2024-12-03,1028.27,0.9380149818343011
2024-12-04,1024.31,0.9320845476246813
2024-12-05,1039.11,0.9542487966909372
2024-12-06,1037.21,0.951403386337837
2024-12-07,1037.21,0.951403386337837
2024-12-08,1037.21,0.951403386337837
2024-12-09,1040.7,0.9566299558811637
2024-12-10,1051.33,0.9725492780145624
2024-12-11,1059.48,0.9847545908449671
2024-12-12,1053.07,0.9751550748642437
2024-12-13,1050.8,0.971755558284487
2024-12-14,1050.8,0.971755558284487
2024-12-15,1050.8,0.971755558284487
2024-12-16,1058.87,0.9838410643631819
2024-12-17,1043.52,0.9608531438789232
2024-12-18,1014.76,0.9177826166393606
2024-12-19,1010.81,0.9118671582737043
2024-12-20,1023.11,0.9302874463490389
2024-12-21,1023.11,0.9302874463490389
2024-12-22,1023.11,0.9302874463490389
2024-12-23,1034.06,0.9466859954892757
2024-12-24,1049.1,0.9692096648106601
2024-12-25,1049.1,0.9692096648106601
2024-12-26,1048.56,0.9684009692366211
2024-12-27,1038.51,0.9533502460531162
2024-12-28,1038.51,0.9533502460531162
2024-12-29,1038.51,0.9533502460531162
2024-12-30,1021.85,0.9284004900096143
2024-12-31,1019.54,0.9249410700540028
2025-01-01,1019.54,0.9249410700540028
2025-01-02,1011.88,0.9134695735778189
2025-01-03,1015.29,0.9185763363694359
2025-01-04,1015.29,0.9185763363694359
2025-01-05,1015.29,0.9185763363694359
2025-01-06,1007.24,0.9065207819786683
2025-01-07,975.435,0.8588901102521631
2025-01-08,980.746,0.866843780981277
2025-01-09,980.746,0.866843780981277
2025-01-10,950.452,0.821475959277685
2025-01-11,950.452,0.821475959277685
2025-01-12,950.452,0.821475959277685
2025-01-13,949.825,0.8205369738611619
2025-01-14,957.941,0.8326913688220898
2025-01-15,1007.68,0.9071797191130704
2025-01-16,990.314,0.8811726684857324
2025-01-17,999.504,0.8949354690883604
2025-01-18,999.504,0.8949354690883604
2025-01-19,999.504,0.8949354690883604
2025-01-20,999.504,0.8949354690883604
2025-01-21,1006.6,0.9055623279649925
2025-01-22,1000.88,0.8969961452177637
2025-01-23,1012.2,0.913948800584657
2025-01-24,1014.91,0.9180072542988158
2025-01-25,1014.91,0.9180072542988158
2025-01-26,1014.91,0.9180072542988158
2025-01-27,1024.35,0.9321444510005359
2025-01-28,1045.49,0.9638033851397694
2025-01-29,1046.9,0.9659149791386494
2025-01-30,1065.7,0.99406956579038
2025-01-31,1069.66,1.0
2025-02-01,1069.66,1.0
2025-02-02,1069.66,1.0
2025-02-03,1008.25,0.9080333422190006
2025-02-04,1010.15,0.9108787525721012
2025-02-05,1008.99,0.9091415546723134
2025-02-06,1001.15,0.8974004930047832
2025-02-07,986.654,0.8756915095950231
2025-02-08,986.654,0.8756915095950231
2025-02-09,986.654,0.8756915095950231
2025-02-10,980.199,0.8660246023164633
2025-02-11,982.835,0.8699722347852912
2025-02-12,968.424,0.8483905460492225
2025-02-13,974.978,0.8582057141830226
2025-02-14,968.632,0.8487020436036672
2025-02-15,968.632,0.8487020436036672
2025-02-16,968.632,0.8487020436036672
2025-02-17,968.632,0.8487020436036672
2025-02-18,972.551,0.8545710768530361
2025-02-19,980.985,0.8672017036520092
2025-02-20,984.009,0.8717303988666281
2025-02-21,968.931,0.8491498213381814
2025-02-22,968.931,0.8491498213381814
2025-02-23,968.931,0.8491498213381814
2025-02-24,947.627,0.8172452833579436
2025-02-25,952.809,0.8250057656999259
2025-02-26,948.592,0.8186904523004392
2025-02-27,939.76,0.8054637869117114
2025-02-28,972.472,0.8544527676857228
2025-03-01,972.472,0.8544527676857228
2025-03-02,972.472,0.8544527676857228
2025-03-03,961.223,0.8376064408109718
2025-03-04,946.623,0.8157417086239895
2025-03-05,962.884,0.8400939284933402
2025-03-06,954.43,0.8274333500064395
2025-03-07,946.92,0.8161864911897108
2025-03-08,946.92,0.8161864911897108
2025-03-09,946.92,0.8161864911897108
2025-03-10,915.26,0.7687729692006793
2025-03-11,910.37,0.7614497815024366
2025-03-12,910.06,0.7609855303395621
2025-03-13,900.46,0.7466087201344231
2025-03-14,928.7,0.788900503487874
2025-03-15,928.7,0.788900503487874
2025-03-16,928.7,0.788900503487874
2025-03-17,958.0,0.8327797263014756
2025-03-18,958.62,0.8337082286272242
2025-03-19,957.23,0.8316265863162717
2025-03-20,954.17,0.8270439780633836
2025-03-21,951.73,0.8233898721362443
2025-03-22,951.73,0.8233898721362443
2025-03-23,951.73,0.8233898721362443
2025-03-24,963.5,0.8410164404815033
2025-03-25,973.48,0.8559623327572625
2025-03-26,968.24,0.8481149905202907
2025-03-27,967.94,0.8476657152013802
2025-03-28,946.7,0.8158570226225099
2025-03-29,946.7,0.8158570226225099
2025-03-30,946.7,0.8158570226225099
2025-03-31,946.48,0.8155275540553086
2025-04-01,944.08,0.8119333515040239
2025-04-02,961.84,0.8385304503835314
2025-04-03,887.65,0.7274246640169406
2025-04-04,822.62,0.6300367507210869
2025-04-05,822.62,0.6300367507210869
2025-04-06,822.62,0.6300367507210869
2025-04-07,817.5,0.6223691186116793
2025-04-08,815.72,0.6197034183861432
2025-04-09,897.08,0.7415468848746971
2025-04-10,858.78,0.6841894024937774
2025-04-11,878.78,0.7141410904211505
2025-04-12,878.78,0.7141410904211505
2025-04-13,878.78,0.7141410904211505
2025-04-14,889.95,0.7308691081285885
2025-04-15,888.44,0.7286077556900719
2025-04-16,865.78,0.6946724932683581
2025-04-17,875.78,0.7096483372320446
2025-04-18,875.78,0.7096483372320446
2025-04-19,875.78,0.7096483372320446
2025-04-20,875.78,0.7096483372320446
2025-04-21,854.0,0.6770309490791353
2025-04-22,887.22,0.7267807027265021
2025-04-23,892.54,0.7347478517151833
2025-04-24,916.26,0.7702705535970478
2025-04-25,907.69,0.7574362553201686
2025-04-26,907.69,0.7574362553201686
2025-04-27,907.69,0.7574362553201686
2025-04-28,913.74,0.7664966409181988
2025-04-29,920.52,0.7766502631255783
2025-04-30,914.26,0.7672753848043106
2025-05-01,916.14,0.7700908434694835
2025-05-02,929.2,0.7896492956860584
